model,step,temperature_before,temperature,workload,cooling,action,energy,reward,reward/total,reward/energy_penalty,reward/temp_penalty,reward/stability_bonus
model_a,0,36.39426798457884,34.690061857503004,0.9859795764138707,2,2,4.0,1.1995731048900118,1.1996,-0.8,0.0,1.9996
model_a,1,34.690061857503004,33.15433182445089,1.5475665564929613,2,2,8.0,0.3849172002094312,0.3849,-1.6,0.0,1.9849
model_a,2,33.15433182445089,31.587980603290887,1.4454959294666516,2,2,12.0,-0.45107810719980246,-0.4511,-2.4,0.0,1.9489
model_a,3,31.587980603290887,29.662264562689053,0.2476131979938856,2,2,16.0,-1.3227031154953703,-1.3227,-3.2,0.0,1.8773
model_a,4,29.662264562689053,27.81630492466347,0.5134678732480578,2,2,20.0,-2.216695065791451,-2.2167,-4.0,0.0,1.7833
model_a,5,27.81630492466347,27.906184291798567,0.29959789045032315,0,0,20.0,-2.211602402296135,-2.2116,-4.0,0.0,1.7884
model_a,6,27.906184291798567,25.94399357473882,0.12603094313416713,2,2,24.0,-3.133209446570265,-3.1332,-4.8,0.0,1.6668
model_a,7,25.94399357473882,26.009615206487275,0.21873877249485119,0,0,24.0,-3.128817293304472,-3.1288,-4.8,0.0,1.6712
model_a,8,26.009615206487275,24.130988295093342,0.40457696202022786,2,2,28.0,-4.0617828743645035,-4.0618,-5.6,0.0,1.5382
model_a,9,24.130988295093342,24.531615468483206,1.3354239112995423,0,0,28.0,-4.032283114523402,-4.0323,-5.6,0.0,1.5677
model_a,10,24.531615468483206,23.08983540350475,1.8607331167384773,2,2,32.0,-4.9407531187687646,-4.9408,-6.4,0.0,1.4592
model_a,11,23.08983540350475,23.674577061112814,1.949138858693543,0,0,32.0,-4.896022309101492,-4.896,-6.4,0.0,1.504
model_a,12,23.674577061112814,22.08212153415812,1.3584815768176863,2,2,36.0,-5.819671605058548,-5.8197,-7.2,0.0,1.3803
model_a,13,22.08212153415812,22.246147039006374,0.5467516828275126,0,0,36.0,-5.8066947347418765,-5.8067,-7.2,0.0,1.3933
model_a,14,22.246147039006374,20.469294670705317,0.7438254389964742,2,2,40.0,-6.7489989443862,-6.749,-8.0,0.0,1.251
model_a,15,20.469294670705317,21.00710170093323,1.792690100759713,0,0,40.0,-6.705617954213086,-6.7056,-8.0,0.0,1.2944
model_a,16,21.00710170093323,20.554906378497957,1.8260155918824201,1,1,42.0,-7.142083639423122,-7.1421,-8.4,0.0,1.2579
model_a,17,20.554906378497957,21.077193465557695,1.7409569568657928,0,0,42.0,-7.0999775518508015,-7.1,-8.4,0.0,1.3
model_a,18,21.077193465557695,20.727106845513642,2.1663779331864883,1,1,44.0,-7.5281835984235235,-7.5282,-8.8,0.0,1.2718
model_a,19,20.727106845513642,21.028169353947504,1.003541694779546,0,0,44.0,-7.503922207190702,-7.5039,-8.8,0.0,1.2961
model_a,20,21.028169353947504,21.254285306266674,0.7537198410638981,0,0,44.0,-7.485744782453301,-7.4857,-8.8,0.0,1.3143
model_a,21,21.254285306266674,21.59808826640829,1.146009867138718,0,0,44.0,-7.458201208004108,-7.4582,-8.8,0.0,1.3418
model_a,22,21.59808826640829,21.15150827904097,1.8447333754422754,1,1,46.0,-7.894001612409542,-7.894,-9.2,0.0,1.306
model_a,23,21.15150827904097,21.64717717023642,1.652229637318167,0,0,46.0,-7.854279341748019,-7.8543,-9.2,0.0,1.3457
model_a,24,21.64717717023642,21.23323002751697,1.9535095242684952,1,1,48.0,-8.28743552897348,-8.2874,-9.6,0.0,1.3126
model_a,25,21.23323002751697,21.87885411263634,2.1520802837312267,0,0,48.0,-8.235811875924174,-8.2358,-9.6,0.0,1.3642
model_a,26,21.87885411263634,21.712236631844583,2.7779417306941405,1,1,50.0,-8.649086162880156,-8.6491,-10.0,0.0,1.3509
model_a,27,21.712236631844583,21.278445819633262,1.8873639592956022,1,1,52.0,-9.08380519617393,-9.0838,-10.4,0.0,1.3162
model_a,28,21.278445819633262,21.981035172442436,2.341964509363911,0,0,52.0,-9.027690509327194,-9.0277,-10.4,0.0,1.3723
model_a,29,21.981035172442436,20.320139631237577,1.130348195983799,2,2,56.0,-9.96105269874076,-9.9611,-11.2,0.0,1.2389
model_a,30,20.320139631237577,20.320139631237577,0.0,0,0,56.0,-9.96105269874076,-9.9611,-11.2,0.0,1.2389
model_a,31,20.320139631237577,20.320139631237577,0.0,0,0,56.0,-9.96105269874076,-9.9611,-11.2,0.0,1.2389
model_a,32,20.320139631237577,20.320139631237577,0.0,0,0,56.0,-9.96105269874076,-9.9611,-11.2,0.0,1.2389
model_a,33,20.320139631237577,20.530382569571113,0.7008097944451251,0,0,56.0,-9.94406427192734,-9.9441,-11.2,0.0,1.2559
model_a,34,20.530382569571113,20.900049323811746,1.232222514135441,0,0,56.0,-9.91423962930373,-9.9142,-11.2,0.0,1.2858
model_a,35,20.900049323811746,20.977138140141413,0.25696272109888474,0,0,56.0,-9.90803030680886,-9.908,-11.2,0.0,1.292
model_a,36,20.977138140141413,21.257593698074597,0.934851859777285,0,0,56.0,-9.885479154931112,-9.8855,-11.2,0.0,1.3145
model_a,37,21.257593698074597,21.29752057818962,0.13308960038340523,0,0,56.0,-9.882274283250098,-9.8823,-11.2,0.0,1.3177
model_a,38,21.29752057818962,19.316748935183934,0.06409452331437789,2,2,60.0,-10.84215594206299,-10.8422,-12.0,0.0,1.1578
model_a,39,19.316748935183934,19.316748935183934,0.0,0,0,60.0,-10.84215594206299,-10.8422,-12.0,0.0,1.1578
model_a,40,19.316748935183934,19.344209700974556,0.09153588596873698,0,0,60.0,-10.839939526175804,-10.8399,-12.0,0.0,1.1601
model_a,41,19.344209700974556,19.56814318153568,0.7464449352037505,0,0,60.0,-10.821853688463301,-10.8219,-12.0,0.0,1.1781
model_a,42,19.56814318153568,19.945295971886992,1.2571759678377052,0,0,60.0,-10.79136261701429,-10.7914,-12.0,0.0,1.2086
model_a,43,19.945295971886992,20.406421186686913,1.5370840493330722,0,0,60.0,-10.754079189070133,-10.7541,-12.0,0.0,1.2459
model_a,44,20.406421186686913,21.023533944960345,2.057042527578111,0,0,60.0,-10.704295285023726,-10.7043,-12.0,0.0,1.2957
model_a,45,21.023533944960345,20.755484792269808,2.4398361576982057,1,1,62.0,-11.125894346957576,-11.1259,-12.4,0.0,1.2741
model_a,46,20.755484792269808,21.336959127926566,1.9382477855225257,0,0,62.0,-11.079110126043492,-11.0791,-12.4,0.0,1.3209
model_a,47,21.336959127926566,20.746264401067343,1.3643509104692637,1,1,64.0,-11.52663810845079,-11.5266,-12.8,0.0,1.2734
model_a,48,20.746264401067343,21.04277728841548,0.9883762911604527,0,0,64.0,-11.502746604770492,-11.5027,-12.8,0.0,1.2973
model_a,49,21.04277728841548,21.459128511878042,1.387837411541878,0,0,64.0,-11.469318550453421,-11.4693,-12.8,0.0,1.3307
model_a,50,21.459128511878042,20.81545199830123,1.1877449547439705,1,1,66.0,-11.921058281079295,-11.9211,-13.2,0.0,1.2789
model_a,51,20.81545199830123,21.732356498119753,3.056348332728409,0,0,66.0,-11.84748125158519,-11.8475,-13.2,0.0,1.3525
model_a,52,21.732356498119753,20.45263078781352,2.400914298979214,2,2,70.0,-12.750345279623705,-12.7503,-14.0,0.0,1.2497
model_a,53,20.45263078781352,20.909175173530766,1.5218146190574875,0,0,70.0,-12.713504350567174,-12.7135,-14.0,0.0,1.2865
model_a,54,20.909175173530766,20.55015320296074,2.1365934314332446,1,1,72.0,-13.14246750452885,-13.1425,-14.4,0.0,1.2575
model_a,55,20.55015320296074,21.532375227913146,3.274073416508017,0,0,72.0,-13.063455749885915,-13.0635,-14.4,0.0,1.3365
model_a,56,21.532375227913146,20.635963498666975,3.678627569179425,2,2,76.0,-13.935538967263405,-13.9355,-15.2,0.0,1.2645
model_a,57,20.635963498666975,21.940147932453044,4.347281445953564,0,0,76.0,-13.830938395476021,-13.8309,-15.2,0.0,1.3691
model_a,58,21.940147932453044,21.58665516082523,5.488357427907293,2,2,80.0,-14.6591150542272,-14.6591,-16.0,0.0,1.3409
model_a,59,21.58665516082523,21.210595794953505,5.41313544709425,2,2,84.0,-15.489253520640371,-15.4893,-16.8,0.0,1.3107
model_a,60,21.210595794953505,20.493026285128426,4.274768300583069,2,2,88.0,-16.34708174659863,-16.3471,-17.6,0.0,1.2529
model_a,61,20.493026285128426,19.647758403706856,3.8491070619280983,2,2,92.0,-17.21541951932604,-17.2154,-18.4,0.0,1.1846
model_a,62,19.647758403706856,21.031185504041265,4.611423667781359,0,0,92.0,-17.103679463136213,-17.1037,-18.4,0.0,1.2963
model_a,63,21.031185504041265,20.068129786916884,3.456480942918729,2,2,96.0,-17.98142901122475,-17.9814,-19.2,0.0,1.2186
model_a,64,20.068129786916884,21.113121586781446,3.483305999548538,0,0,96.0,-17.897087862600678,-17.8971,-19.2,0.0,1.3029
model_a,65,21.113121586781446,20.218890352888103,3.685895887022187,2,2,100.0,-18.769238113614133,-18.7692,-20.0,0.0,1.2308
model_a,66,20.218890352888103,21.248916999439476,3.4334221551712507,0,0,100.0,-18.686175820312194,-18.6862,-20.0,0.0,1.3138
model_a,67,21.248916999439476,20.452615322719193,4.012327744265728,2,2,104.0,-19.550346529147596,-19.5503,-20.8,0.0,1.2497
model_a,68,20.452615322719193,21.795700783965287,4.476951537486981,0,0,104.0,-19.442431925117113,-19.4424,-20.8,0.0,1.3576
model_a,69,21.795700783965287,21.69592428926756,6.334078351007566,2,2,108.0,-20.250387741909186,-20.2504,-21.6,0.0,1.3496
model_a,70,21.69592428926756,21.744940058835383,6.830052565226074,2,2,112.0,-21.046477761284113,-21.0465,-22.4,0.0,1.3535
model_a,71,21.744940058835383,21.64769899832887,6.342529798311625,2,2,116.0,-21.854237667172807,-21.8542,-23.2,0.0,1.3458
model_a,72,21.64769899832887,21.41562651566219,5.8930917244444005,2,2,120.0,-22.67280332879731,-22.6728,-24.0,0.0,1.3272
model_a,73,21.41562651566219,20.983974568697427,5.227826843450796,2,2,124.0,-23.507479851115445,-23.5075,-24.8,0.0,1.2925
model_a,74,20.983974568697427,20.780868276088462,5.989645691303452,2,2,128.0,-24.323847037974705,-24.3238,-25.6,0.0,1.2762
model_a,75,20.780868276088462,20.44172210312421,5.5361794234524915,2,2,132.0,-25.1512266814905,-25.1512,-26.4,0.0,1.2488
model_a,76,20.44172210312421,20.085713344471813,5.479970804492013,2,2,136.0,-25.980007053278438,-25.98,-27.2,0.0,1.22
model_a,77,20.085713344471813,19.90953721444894,6.079412899923753,2,2,140.0,-26.794254385747553,-26.7943,-28.0,0.0,1.2057
model_a,78,19.90953721444894,19.559729966669728,5.5006425074026275,2,2,144.0,-27.622533502169382,-27.6225,-28.8,0.0,1.1775
model_a,79,19.559729966669728,19.139444807622265,5.265716136508453,2,2,148.0,-28.45645720758651,-28.4565,-29.6,0.0,1.1435
model_a,80,19.139444807622265,18.27725094482986,3.7926871240253197,2,2,152.0,-29.32566486676184,-29.3257,-30.4,0.0,1.0743
model_a,81,18.27725094482986,19.155262213468163,2.926704228794349,0,0,152.0,-29.255182093760833,-29.2552,-30.4,0.0,1.1448
model_a,82,19.155262213468163,18.897016743180423,2.4725150990408693,1,1,154.0,-29.67598008424108,-29.676,-30.8,0.0,1.124
model_a,83,18.897016743180423,19.738553910136684,2.8051238898542064,0,0,154.0,-29.60807989149675,-29.6081,-30.8,0.0,1.1919
model_a,84,19.738553910136684,19.86652946247934,3.759918507808844,1,1,156.0,-29.99773225943356,-29.9977,-31.2,0.0,1.2023
model_a,85,19.86652946247934,19.9900729796627,3.745145057277875,1,1,158.0,-30.38774148608344,-30.3877,-31.6,0.0,1.2123
model_a,86,19.9900729796627,20.176343923854013,3.954236480637717,1,1,160.0,-30.772678273301654,-30.7727,-32.0,0.0,1.2273
model_a,87,20.176343923854013,20.402927516496664,4.088611975475502,1,1,162.0,-31.15436151736477,-31.1544,-32.4,0.0,1.2456
model_a,88,20.402927516496664,20.889848976368178,4.956404866238385,1,1,164.0,-31.515061546924755,-31.5151,-32.8,0.0,1.2849
model_a,89,20.889848976368178,20.591175683936864,5.67108902522895,2,2,168.0,-32.33915484846942,-32.3392,-33.6,0.0,1.2608
model_a,90,20.591175683936864,20.35818878720336,5.890043677554984,2,2,172.0,-33.157977221288334,-33.158,-34.4,0.0,1.242
model_a,91,20.35818878720336,19.88257525764298,5.081288234798734,2,2,176.0,-33.996434714498314,-33.9964,-35.2,0.0,1.2036
model_a,92,19.88257525764298,19.623774203525304,5.80399648627441,2,2,180.0,-34.817358005060754,-34.8174,-36.0,0.0,1.1826
model_a,93,19.623774203525304,19.456424460117006,6.108834188639012,2,2,184.0,-35.630878979979826,-35.6309,-36.8,0.0,1.1691
model_a,94,19.456424460117006,19.583540688640124,7.090387428410388,2,2,188.0,-36.420609466638254,-36.4206,-37.6,0.0,1.1794
model_a,95,19.583540688640124,19.70347933491975,7.066462154265417,2,2,192.0,-37.21091542256102,-37.2109,-38.4,0.0,1.1891
model_a,96,19.70347933491975,20.292162203075495,8.628942893852493,2,2,196.0,-37.96331430497268,-37.9633,-39.2,0.0,1.2367
model_a,97,20.292162203075495,20.794714749554004,8.341841821595034,2,2,200.0,-38.72273040384736,-38.7227,-40.0,0.0,1.2773
model_a,98,20.794714749554004,21.679601795455646,9.616290153005469,2,2,204.0,-39.45169047174508,-39.4517,-40.8,0.0,1.3483
model_a,99,21.679601795455646,22.592117394783024,9.708385331091256,2,2,208.0,-40.179478959187676,-40.1795,-41.6,0.0,1.4205
model_b,0,36.817103690265746,35.56412965526434,2.490086549995316,2,2,4.0,1.1985860899413172,1.1986,-0.8,0.0,1.9986
model_b,1,35.56412965526434,34.65275266654306,3.6287433709290635,2,2,8.0,0.39946415752531106,0.3995,-1.6,0.0,1.9995
model_b,2,34.65275266654306,33.93730555700931,4.281842968220846,2,2,12.0,-0.4050129048640727,-0.405,-2.4,0.0,1.995
model_b,3,33.93730555700931,33.38719057489941,4.8329500596336485,2,2,16.0,-1.2115273374415996,-1.2115,-3.2,0.0,1.9885
model_b,4,33.38719057489941,32.266866175247614,2.9322520011606903,2,2,20.0,-2.032926048087166,-2.0329,-4.0,0.0,1.9671
model_b,5,32.266866175247614,31.317173184692628,3.5010233648167213,2,2,24.0,-2.859381558708188,-2.8594,-4.8,0.0,1.9406
model_b,6,31.317173184692628,30.500884772758404,3.945705293552595,2,2,28.0,-3.6879712057394647,-3.688,-5.6,0.0,1.912
model_b,7,30.500884772758404,29.552614052566902,3.5057642660283332,2,2,32.0,-4.527630150007589,-4.5276,-6.4,0.0,1.8724
model_b,8,29.552614052566902,28.453771084492107,3.003856773084016,2,2,36.0,-5.381670830806345,-5.3817,-7.2,0.0,1.8183
model_b,9,28.453771084492107,27.35437360798205,3.0020084116331516,2,2,40.0,-6.243635863533395,-6.2436,-8.0,0.0,1.7564
model_b,10,27.35437360798205,28.668946434627692,4.3819094221521375,0,0,40.0,-6.170439932302146,-6.1704,-8.0,0.0,1.8296
model_b,11,28.668946434627692,27.730295093411975,3.537828862614278,2,2,44.0,-7.021614684889363,-7.0216,-8.8,0.0,1.7784
model_b,12,27.730295093411975,26.68897054385955,3.19558483482525,2,2,48.0,-7.884591650469327,-7.8846,-9.6,0.0,1.7154
model_b,13,26.68897054385955,27.974474334391267,4.285012635105717,0,0,48.0,-7.807766312642872,-7.8078,-9.6,0.0,1.7922
model_b,14,27.974474334391267,27.152901933060324,3.928091995563517,2,2,52.0,-8.655776417617155,-8.6558,-10.4,0.0,1.7442
model_b,15,27.152901933060324,26.243909177522752,3.636690814874765,2,2,56.0,-9.513304407964743,-9.5133,-11.2,0.0,1.6867
model_b,16,26.243909177522752,25.358382745334463,3.7149118927057065,2,2,60.0,-10.373276836672188,-10.3733,-12.0,0.0,1.6267
model_b,17,25.358382745334463,24.174946862753607,2.72188039139715,2,2,64.0,-11.25851962805852,-11.2585,-12.8,0.0,1.5415
model_b,18,24.174946862753607,25.044297883408756,2.8978367355171604,0,0,64.0,-11.195376110302602,-11.1954,-12.8,0.0,1.6046
model_b,19,25.044297883408756,23.623340680790232,1.9301426579382526,2,2,68.0,-12.099904812520114,-12.0999,-13.6,0.0,1.5001
model_b,20,23.623340680790232,24.414831072657663,2.6383013062247684,0,0,68.0,-12.040825505231577,-12.0408,-13.6,0.0,1.5592
model_b,21,24.414831072657663,23.20708486198701,2.64084596443116,2,2,72.0,-12.931713009877944,-12.9317,-14.4,0.0,1.4683
model_b,22,23.20708486198701,24.547362203359818,4.467591137909361,0,0,72.0,-12.83113499389398,-12.8311,-14.4,0.0,1.5689
model_b,23,24.547362203359818,23.955041267980075,4.692263548734188,2,2,76.0,-13.674906350828696,-13.6749,-15.2,0.0,1.5251
model_b,24,23.955041267980075,23.690485810304192,5.784815141080387,2,2,80.0,-14.494818332678038,-14.4948,-16.0,0.0,1.5052
model_b,25,23.690485810304192,23.11314699941614,4.742203963706496,2,2,84.0,-15.338953093846483,-15.339,-16.8,0.0,1.461
model_b,26,23.11314699941614,22.506494746082844,4.644492488889004,2,2,88.0,-16.186193540230317,-16.1862,-17.6,0.0,1.4138
model_b,27,22.506494746082844,21.977397449712928,4.903009012100286,2,2,92.0,-17.027979371420734,-17.028,-18.4,0.0,1.372
model_b,28,21.977397449712928,21.867273173752064,6.299585746797125,2,2,96.0,-17.836733284367334,-17.8367,-19.2,0.0,1.3633
model_b,29,21.867273173752064,21.35372907266617,4.954852996380354,2,2,100.0,-18.677765140862896,-18.6778,-20.0,0.0,1.3222
model_b,30,21.35372907266617,21.077933694734394,5.747348740227412,2,2,104.0,-19.49991800487335,-19.4999,-20.8,0.0,1.3001
model_b,31,21.077933694734394,20.94406328011844,6.220431951280146,2,2,108.0,-20.31069390236138,-20.3107,-21.6,0.0,1.2893
model_b,32,20.94406328011844,21.178243952479633,7.44726890787065,2,2,112.0,-21.091852835475212,-21.0919,-22.4,0.0,1.3081
model_b,33,21.178243952479633,21.58339714917972,8.017177322333627,2,2,116.0,-21.859375495182316,-21.8594,-23.2,0.0,1.3406
model_b,34,21.58339714917972,22.001047430304755,8.058834270416785,2,2,120.0,-22.626101745107455,-22.6261,-24.0,0.0,1.3739
model_b,35,22.001047430304755,22.293501795329433,7.641514550082258,2,2,124.0,-23.402956696976208,-23.403,-24.8,0.0,1.397
model_b,36,22.293501795329433,22.286393028071856,6.642970775808082,2,2,128.0,-24.203517592270252,-24.2035,-25.6,0.0,1.3965
model_b,37,22.286393028071856,22.326185724390992,6.799308987730458,2,2,132.0,-25.000379017415185,-25.0004,-26.4,0.0,1.3996
model_b,38,22.326185724390992,22.319971196151254,6.6459515725342095,2,2,136.0,-25.800868992351862,-25.8009,-27.2,0.0,1.3991
model_b,39,22.319971196151254,22.79862082905063,8.262165442997922,2,2,140.0,-26.563345942016024,-26.5633,-28.0,0.0,1.4367
model_b,40,22.79862082905063,23.130624503233644,7.773345580610044,2,2,144.0,-27.337604413855324,-27.3376,-28.8,0.0,1.4624
model_b,41,23.130624503233644,23.539522220265884,8.029659056774134,2,2,148.0,-28.106272244101334,-28.1063,-29.6,0.0,1.4937
model_b,42,23.539522220265884,23.571859596575948,6.774457921033551,2,2,152.0,-28.903813346156436,-28.9038,-30.4,0.0,1.4962
model_b,43,23.571859596575948,23.50928595408773,6.458087858372608,2,2,156.0,-29.708573990719497,-29.7086,-31.2,0.0,1.4914
model_b,44,23.50928595408773,23.509387802821376,6.667006162445487,2,2,160.0,-30.508566233232614,-30.5086,-32.0,0.0,1.4914
model_b,45,23.509387802821376,23.707240054559705,7.326174172461091,2,2,164.0,-31.293551159027906,-31.2936,-32.8,0.0,1.5064
model_b,46,23.707240054559705,24.252636711136777,8.484655521923571,2,2,168.0,-32.05276791068227,-32.0528,-33.6,0.0,1.5472
model_b,47,24.252636711136777,24.787437805394823,8.449336980860156,2,2,172.0,-32.813742697408514,-32.8137,-34.4,0.0,1.5863
model_b,48,24.787437805394823,25.054100128678257,7.555541077611448,2,2,176.0,-33.594680335845815,-33.5947,-35.2,0.0,1.6053
model_b,49,25.054100128678257,25.43064654783966,7.921821397204679,2,2,180.0,-34.36825061854312,-34.3683,-36.0,0.0,1.6317
model_b,50,25.43064654783966,25.931269870620376,8.335411075935713,2,2,184.0,-35.134063416351516,-35.1341,-36.8,0.0,1.6659
model_b,51,25.931269870620376,26.549891195682275,8.72873775020633,2,2,188.0,-35.89345497725996,-35.8935,-37.6,0.0,1.7065
model_b,52,26.549891195682275,27.000443472942237,8.168507590866543,2,2,192.0,-36.665115699078335,-36.6651,-38.4,0.0,1.7349
model_b,53,27.000443472942237,27.723008005623054,9.075215108936053,2,2,196.0,-37.42203355617574,-37.422,-39.2,0.0,1.778
model_b,54,27.723008005623054,28.466667556920953,9.145531837659664,2,2,200.0,-38.1809891116396,-38.181,-40.0,0.0,1.819
model_b,55,28.466667556920953,29.378285017430688,9.705391535032453,2,2,204.0,-38.93564195505611,-38.9356,-40.8,0.0,1.8644
model_b,56,29.378285017430688,30.378285017430684,10.0,2,2,208.0,-39.69271653561848,-39.6927,-41.6,0.0,1.9073
model_b,57,30.378285017430684,31.378285017430684,10.0,2,2,212.0,-40.457455536226604,-40.4575,-42.4,0.0,1.9425
model_b,58,31.378285017430684,32.378285017430684,10.0,2,2,216.0,-41.23031627971391,-41.2303,-43.2,0.0,1.9697
model_b,59,32.378285017430684,33.378285017430684,10.0,2,2,220.0,-42.01165461878612,-42.0117,-44.0,0.0,1.9883
model_b,60,33.378285017430684,34.378285017430684,10.0,2,2,224.0,-42.801717171384176,-42.8017,-44.8,0.0,1.9983
model_b,61,34.378285017430684,35.307253601565385,9.763228613782335,2,2,228.0,-43.60041953277269,-43.6004,-45.6,0.0,1.9996
model_b,62,35.307253601565385,36.26309427472001,9.852802243848759,2,2,232.0,-44.407078143770576,-44.4071,-46.4,0.0,1.9929
model_b,63,36.26309427472001,37.26309427472001,10.0,2,2,236.0,-45.222633603037956,-45.2226,-47.2,0.0,1.9774
model_b,64,37.26309427472001,38.26309427472001,10.0,2,2,240.0,-46.0467679973638,-46.0468,-48.0,0.0,1.9532
model_b,65,38.26309427472001,39.26309427472001,10.0,2,2,244.0,-46.879163872440216,-46.8792,-48.8,0.0,1.9208
model_b,66,39.26309427472001,40.26309427472001,10.0,2,2,248.0,-47.719399263556866,-47.7194,-49.6,0.0,1.8806
model_b,67,40.26309427472001,43.14000820826557,9.589713111818536,0,0,248.0,-47.87383302664744,-47.8738,-49.6,0.0,1.7262
model_b,68,43.14000820826557,45.602545397190255,8.20845729641562,0,0,248.0,-48.04210062277495,-48.0421,-49.6,0.0,1.5579
model_b,69,45.602545397190255,46.13694414264689,8.447995818188772,2,2,252.0,-48.881805849291815,-48.8818,-50.4,0.0,1.5182
model_b,70,46.13694414264689,48.726479238789274,8.631783653807947,0,0,252.0,-49.08420053097587,-49.0842,-50.4,0.0,1.3158
model_b,71,48.726479238789274,51.17009189207706,8.145375510959296,0,0,252.0,-49.281376874765805,-49.2814,-50.4,0.0,1.1186
model_b,72,51.17009189207706,53.822765276815026,8.842244615793229,0,0,252.0,-49.489879580129504,-49.4899,-50.4,0.0,0.9101
model_b,73,53.822765276815026,56.621254832029294,9.328298517380885,0,0,252.0,-49.69227118423528,-49.6923,-50.4,0.0,0.7077
model_b,74,56.621254832029294,59.1809462060597,8.532304580101352,0,0,252.0,-49.854594926922054,-49.8546,-50.4,0.0,0.5454
model_b,75,59.1809462060597,61.8650100066552,8.946879335318314,0,0,252.0,-49.99775523771354,-49.9978,-50.4,0.0,0.4022
model_b,76,61.8650100066552,64.50200861711407,8.789995368196255,0,0,252.0,-50.11090648714515,-50.1109,-50.4,0.0,0.2891
model_b,77,64.50200861711407,66.7830811627232,7.60357515203043,0,0,252.0,-50.188104544394335,-50.1881,-50.4,0.0,0.2119
model_b,78,66.7830811627232,69.17286176426816,7.965935338483205,0,0,252.0,-50.25071968686345,-50.2507,-50.4,0.0,0.1493
model_b,79,69.17286176426816,71.55179085541008,7.9297636371396925,0,0,252.0,-50.297286935857926,-50.2973,-50.4,0.0,0.1027
model_b,80,71.55179085541008,73.75185205074642,7.3335373177877985,0,0,252.0,-50.32892199527414,-50.3289,-50.4,0.0,0.0711
model_b,81,73.75185205074642,76.07742018693799,7.751893787305197,0,0,252.0,-56.157120588484155,-56.1571,-50.4,-5.8042,0.0471
model_b,82,76.07742018693799,78.52013070845571,8.1423684050591,0,0,252.0,-112.32687539349863,-112.3269,-50.4,-61.9566,0.0297
model_b,83,78.52013070845571,80.82423230582681,7.680338657903662,0,0,252.0,-219.9895967952027,-219.9896,-50.4,-169.6084,0.0188
model_b,84,80.82423230582681,83.22441842892623,8.000620410331404,0,0,252.0,-388.5939004332351,-388.5939,-50.4,-338.2053,0.0114
model_b,85,83.22441842892623,85.86822013671184,8.81267235928536,0,0,252.0,-80.39363551084129,-80.3936,-50.4,-30.0,0.0064
model_b,86,85.86822013671184,88.34098185193288,8.242539050736799,0,0,252.0,-80.39641018132441,-80.3964,-50.4,-30.0,0.0036
model_b,87,88.34098185193288,90.0,8.547251072658073,0,0,252.0,-80.39759228001034,-80.3976,-50.4,-30.0,0.0024
model_b,88,90.0,90.0,8.549455673043118,0,0,252.0,-80.39759228001034,-80.3976,-50.4,-30.0,0.0024
model_b,89,90.0,90.0,10.0,0,0,252.0,-80.39759228001034,-80.3976,-50.4,-30.0,0.0024
model_b,90,90.0,90.0,8.51015762337745,0,0,252.0,-80.39759228001034,-80.3976,-50.4,-30.0,0.0024
model_b,91,90.0,90.0,9.06638476850262,0,0,252.0,-80.39759228001034,-80.3976,-50.4,-30.0,0.0024
model_b,92,90.0,90.0,8.821388752677649,0,0,252.0,-80.39759228001034,-80.3976,-50.4,-30.0,0.0024
model_b,93,90.0,90.0,8.741230713613783,0,0,252.0,-80.39759228001034,-80.3976,-50.4,-30.0,0.0024
model_b,94,90.0,90.0,10.0,0,0,252.0,-80.39759228001034,-80.3976,-50.4,-30.0,0.0024
model_b,95,90.0,90.0,9.993141478991365,0,0,252.0,-80.39759228001034,-80.3976,-50.4,-30.0,0.0024
model_b,96,90.0,90.0,10.0,0,0,252.0,-80.39759228001034,-80.3976,-50.4,-30.0,0.0024
model_b,97,90.0,90.0,9.646281627669163,0,0,252.0,-80.39759228001034,-80.3976,-50.4,-30.0,0.0024
model_b,98,90.0,90.0,9.926691260747651,0,0,252.0,-80.39759228001034,-80.3976,-50.4,-30.0,0.0024
model_b,99,90.0,90.0,9.534013259407738,0,0,252.0,-80.39759228001034,-80.3976,-50.4,-30.0,0.0024
